name,city_or_area,public_url,source_type,notes
Sharr Travel,Prishtine,https://www.sharrtravel.com/,website,Package holidays and bus/flight travel; strong Kranisa source candidate.
BLUE Travel Kosova,Prishtine,https://www.bluetravel-ks.com/,website,Registered Kosovo agency with package offers and contact details.
Fibula Travel Agency Kosova,Prishtine,https://www.facebook.com/fibulakosova/,facebook,Large public social presence; also Instagram @fibulakosova.
Prime Tours & Travel,Prishtine,https://www.primetravelks.com/,website,Package holidays and hotel offers.
DUA Tourist,Prizren,https://duatourist.com/,website,Kosovo/Albania regional offices; packages and tours.
Shpejtimi Travel,Prishtine,https://www.shpejtimi.net/,website,Travel agency with Kosovo-Europe routes and holiday offers.
Veneta Travel,Prishtine,https://veneta-travel.com/,website,Tour operator in Kosovo with charter/hotel search.
Adria Tours,Prishtine,https://adriatours-ks.com/rreth-nesh/,website,Tour operator/travel agency operating in Prishtine and Sofia.
Kosovo Holidays DMC,Prishtine,https://kosovo-holidays.com/kosovo-travel-agency/,website,Destination management company and tour operator.
Breathe In Travel,Prishtine,https://www.tourhq.com/guide/xk99079/breathe1in1travel,directory_profile,Kosovo-based specialist Balkan travel agency.
Kosovo Walker,Prishtine,https://kosovowalker.com/,website,Local tours, food tours, adventure/study tours.
Outdoor Kosovo,Kosovo,,directory_listing,Tour operator listed by external Kosovo tour-operator directory; needs direct contact verification.
Balkan Natural Adventure,Kosovo,,directory_listing,Tour operator listed by external Kosovo tour-operator directory; needs direct contact verification.
Balkan Destination,Prishtine,,directory_listing,DMC/tour operator listed by tourHQ and external directory; needs direct contact verification.
Trek Balkan,Kosovo,,directory_listing,Tour operator listed by external Kosovo tour-operator directory; needs direct contact verification.
Omega Tours,Kosovo,,directory_listing,Tour operator listed by external Kosovo tour-operator directory; needs direct contact verification.
AltaVia Travel,Prishtine,https://lufthansa-city-center.com/en/travel-agency-kosovo/,directory_profile,Lufthansa City Center agency in Kosovo.
Kosova Reisen,Prishtine,https://www.kosovareisen.com/,website,Flights/travel to Kosovo and Balkan region; Prishtina contact in local directory.
Eurokoha Reisen,Prishtine,https://www.eurokoha.info/?lang=en,website,Travel/flights/holidays; also connected with flyksa.com.
MCM Travel,Prishtine,https://www.facebook.com/MCMTravelPrishtina/,facebook,Public Facebook/Instagram presence; Prishtina agency.
Reiseburo Prishtina,Prishtine,https://flyrbp.com/en,website,Flights to/from Kosovo, Germany, Switzerland.
A & N Travel Agency,Prishtine,http://www.antravel.net,website_from_directory,Listed by PrishtinaOnline; verify current activity.
Barileva Turist,Prishtine,http://www.barilevaturist.com,website_from_directory,Listed by PrishtinaOnline; verify current activity.
Euro Fly,Prishtine,,directory_listing,Listed by PrishtinaOnline and map directories; needs direct URL verification.
Kosova Airlines / FlyKSA,Prishtine,https://flyksa.com/en,website,Flight-focused travel brand tied to Kosovo routes.
On Travel Prishtina,Prishtine,http://www.ontravelprishtina.com,website_from_directory,Listed by PrishtinaOnline; verify current activity.
Travelplus,Prishtine,http://www.travelplus-ks.com,website_from_directory,Listed by PrishtinaOnline; verify current activity.
A-Travel Kosova,Prishtine,https://www.facebook.com/atravelkosova/,facebook,Public Facebook/Instagram presence; package travel posts.
BELI Travel,Prishtine,https://www.facebook.com/TravelAgencyBeli/,facebook,Public Facebook page with phone contacts.
Ephesus Travel Kosova Agency,Prishtine,https://www.facebook.com/ephesustravel/,facebook,Public Facebook page with package offers.
Elite Travel,Prishtine,https://www.facebook.com/EliteTravel.ks/,facebook,Public Facebook page with WhatsApp/Viber contact.
TRY Tours,Peje,https://www.try-tours.com/,website,Kosovo-Germany travel/transport agency.
Top Balkan Tours,Peje,https://topbalkantours.com/,website,Licensed Kosovo tour operator based in Peje.
Be In Kosovo,Kosovo,https://www.beinkosovo.com/,website,Tours and event/travel services in Kosovo.
Turkuaz Travel Agency,Prishtine,,map_listing,Listed by Yandex Maps as Pristina tour operator; needs direct URL verification.
Air Marigona,Prishtine,,map_listing,Listed by Yandex Maps as Pristina tour operator; needs direct URL verification.
Fron Travel,Prishtine,,map_listing,Listed by Yandex Maps as Pristina tour operator; needs direct URL verification.
